Component,Description,Part,References,Value,Footprint,Quantity Per PCB,Datasheet,ust_id,ust_id2,mf,description_1,package,mpn,price,oc_farnell,snapeda_link,mp,supplier,oc_newark,availability,check_prices,manufacturer_name,mouser_price-stock,mouser_part_number,height,arrow_price-stock,arrow_part_number,manufacturer_part_number
1,Unpolarized capacitor,C,C211C213C214C218,1nF,C_0805_2012Metric,4,,6508260b462c6d9e720541f1 651abc26462c6d9e720551fa 5c70984812875079b91f8ba6,,,,,,,,,,,,,,,,,,,,
2,Unpolarized capacitor,C,C201C202C204C208C209C210C212C215C216C219C221C301C302C303C305C308C310,100nF,C_0805_2012Metric,17,,6508260b462c6d9e720541f1 5c70984712875079b91f8b4c,,,,,,,,,,,,,,,,,,,,
3,"EMI filter, single capacitor",Filter_EMI_C,C304,1uF,FIR_0805,1,http://www.murata.com/~/media/webrenewal/support/library/catalog/products/emc/emifil/c31e.ashx?la=en-gb,5c70984412875079b91f880f,,,,,,,,,,,,,,,,,,,,
4,Polarized capacitor,C_Polarized,C203C205C206C207C217C220,10uF,CP_EIA-3216-18_Kemet-A,6,,65089dd0462c6d9e720542b3,,,,,,,,,,,,,,,,,,,,
5,Unpolarized capacitor,C,C306C307C309,10uF,C_0805_2012Metric,3,,5c70984712875079b91f8b53,,,,,,,,,,,,,,,,,,,,
6,2x01 2.54 mm pitch header,HEADER_2x01,J202,HEADER_2x01,Straight_2x01,1,,,,,,,,,,,,,,,,,,,,,,
7,2x03 2.54 mm pitch header,HEADER_2x03,J301,HEADER_2x03,Straight_2x03,1,,,,,,,,,,,,,,,,,,,,,,
8,2x08 2.54 mm pitch header,HEADER_2x08,J302,HEADER_2x08,Straight_2x08,1,,,,,,,,,,,,,,,,,,,,,,
9,"coaxial connector (BNC, SMA, SMB, SMC, Cinch/RCA, LEMO, ...)",Conn_Coaxial,J201,MCX,SMA_Amphenol_901-144_Vertical,1,~,5fa10cc512875025b39779f6,,,,,,,,,,,,,,,,,,,,
10,Inductor,L,L201,L,L_0805_2012Metric,1,,626fd6fcdc56076e9a222966,,,,,,,,,,,,,,,,,,,,
11,"Inductor with ferrite core, small symbol",L_Ferrite_Small,L301,NL03KT330,L_0603_1608Metric_Pad1.05x0.95mm_HandSolder,1,,64fe1808f3b9d36f37fc944d,,,,,,,,,,,,,,,,,,,,
12,Two-piece EMI RF shielding cabinet,RFShield_TwoPieces,M201,RFShield_TwoPieces,Laird_Technologies_BMI-S-210-F_44.00x30.50mm,1,,5c70984312875079b91f873d,5c70984312875079b91f873c,,,,,,,,,,,,,,,,,,,
13,Resistor,R,R202R211,10,R_0805_2012Metric,2,,5c70984512875079b91f896d,,,,,,,,,,,,,,,,,,,,
14,Resistor,R,R201R203R204R205R206,100,R_0805_2012Metric,5,,5c70984512875079b91f8977 5c70984512875079b91f898c,,,,,,,,,,,,,,,,,,,,
15,Resistor,R,R209,470R,R_0805_2012Metric,1,,5c70984512875079b91f8986,,,,,,,,,,,,,,,,,,,,
16,Resistor,R,R207R208,1k,R_0805_2012Metric,2,,5c70984512875079b91f898c 5c70984612875079b91f899f,,,,,,,,,,,,,,,,,,,,
17,Resistor,R,R210,10k,R_0805_2012Metric,1,,5c70984612875079b91f899f,,,,,,,,,,,,,,,,,,,,
18,"Single Rail-to-Rail High Output Current Operational Amplifiers, SOT-23-5",AD8691,U201U204,AD8691,TSOT-23-5,2,https://www.analog.com/media/en/technical-documentation/data-sheets/AD8691_8692_8694.pdf,5d47c084128750448e6b4671,,,,,,,,,,,,,,,,,,,,
19,"2.0V 25μA Micropower Voltage Reference, SOT-23",ISL21070CIH320Z-TK,U206,ISL21080CIH341Z-TK,SOT-23,1,https://cz.mouser.com/datasheet/2/698/REN_isl21080_DST_20040119-1998038.pdf,6555591d0c8d609e3e79abc1,,,,,,,,,,,,,,,,,,,,
20,"2.0V 25μA Micropower Voltage Reference, SOT-23",ISL21070CIH320Z-TK,U202,ISL21080DIH309,SOT-23,1,https://www.renesas.com/us/en/document/dst/isl21080-datasheet,5c70984712875079b91f8b0b,,,,,,,,,,,,,,,,,,,,
21,"Dual channel 16-bit SAR Analog to Digital Converter, 5V supply, 150ksps, SPI interface",LTC1865-MS,U207,LTC1865-MS,MSOP-10_3x3mm_P0.5mm,1,https://www.analog.com/media/en/technical-documentation/data-sheets/18645fb.pdf,67f14385ee7fc534862c535e,,,,,,,,,,,,,,,,,,,,
22,"300mA Low-dropout Voltage Regulator, Vout 3.3V, Vin up to 5.5V, SOT-23",MIC5504-3.3YM5,U303,MIC5504-3.3YM5-TR,SOT-23-5,1,http://ww1.microchip.com/downloads/en/DeviceDoc/MIC550X.pdf,5c7255e81287500b4e112ea2,,,,,,,,,,,,,,,,,,,,
23,,SN74LVC1G125DCKT,U302,SN74LVC1G125DCKT,SOT65P210X110-5N,1,,,,Texas Instruments,"Buffer, Non-Inverting 1 Element 1 Bit per Element 3-State Output SC-70-5",SC70-5,SN74LVC1G125DCKT,None,1470733,https://www.snapeda.com/parts/SN74LVC1G125DCK/Texas+Instruments/view-part/?ref=snap,SN74LVC1G125DCK,Texas Instruments,22H0380,In Stock,https://www.snapeda.com/parts/SN74LVC1G125DCK/Texas+Instruments/view-part/?ref=eda,,,,,,,
24,"74AUC1G74, Single D Flip-Flop, Low-Voltage CMOS",74LVC2G74,U205,SN74LVC2G74,VSSOP-8_2.3x2mm_P0.5mm,1,https://www.ti.com/lit/ds/symlink/sn74lvc2g74-ep.pdf,65555d4795a79cc5ac409b41,,,,,,,,,,,,,,,,,,,,
25,"Single Rail-to-Rail High Output Current Operational Amplifiers, SOT-23-5",AD8691,U203,TS3021ILT,SOT-23-5,1,https://www.st.com/resource/en/datasheet/ts3021.pdf,5d47bfd4128750448e6b465e,,,,,,,,,,,,,,,,,,,,
26,Translation - Voltage Levels Four channel unidirectional level shifter,TXU0304PWR,U301,TXU0304PWR,SOP65P640X120-14N,1,,,,Texas Instruments,Four-channel fixed multidirectional level shifter,None,,None,,https://www.snapeda.com/parts/TXU0304PWR/Texas+Instruments/view-part/?ref=snap,TXU0304PWR,,,In Stock,https://www.snapeda.com/parts/TXU0304PWR/Texas+Instruments/view-part/?ref=eda,Texas Instruments,https://www.mouser.co.uk/ProductDetail/Texas-Instruments/TXU0304PWR?qs=QNEnbhJQKvZVYXIKZoXs0A%3D%3D,595-TXU0304PWR,1.2mm,https://www.arrow.com/en/products/txu0304pwr/texas-instruments?utm_currency=USD&region=nac,TXU0304PWR,TXU0304PWR
